borough,year,theft,robbery,burglary,total_property_crime,drug offences,Miscellaneous Crimes Against Society,Possession of Weapons,Public Order Offences,Arson and Criminal Damage,Sexual Offences,Violence Against the Person,Vehicle Offences,total_crime,unemployment(tousands),unemployment(%),earnings,number of NVQ4+ aged 16-64,% with NVQ4+ aged 16-64,Population estimate,Population per square kilometre
 Westminster ,2015,25065,1547,3162,29774,2188,511,270,2171,2040,828,8080,3175,49037,7700,6.41,656,104200,62.6,242299,11277
 Wandsworth ,2015,6485,457,2395,9337,737,345,142,1409,1902,572,5688,3094,23226,9900,5.07,670.1,152500,66.1,315134,9197
 Waltham Forest ,2015,4730,652,2236,7618,1474,269,195,1234,1926,477,5784,2673,21650,9300,6.43,476.3,77900,42.6,271825,7004
 Tower Hamlets ,2015,7333,1136,2577,11046,1852,324,192,1819,2403,554,7340,3070,28600,12000,7.7,554.9,98600,45.8,295909,14959
 Sutton ,2015,2259,166,1274,3699,507,138,62,616,1292,242,3137,1184,10877,5600,5.12,498.3,54700,42.4,200537,4574
 Southwark ,2015,8982,1229,2987,13198,2321,323,233,1669,2534,686,7317,2933,31214,12400,6.94,557,126600,56.7,309545,10725
 Richmond upon Thames ,2015,2855,151,1437,4443,415,142,25,670,1048,238,2321,1437,10739,4700,4.39,648,85500,69.7,194730,3392
 Redbridge ,2015,4117,660,2245,7022,1294,309,126,981,1571,439,5062,2758,19562,8900,6.19,533.1,86000,44.7,296919,5263
 Newham ,2015,7744,1410,2280,11434,1710,418,239,1505,2319,795,8079,3780,30279,12800,7.78,421.6,101400,43.1,334269,9234
 Merton ,2015,3136,265,1438,4839,487,154,76,709,1403,269,3251,1471,12659,5700,4.84,548.1,79900,57.9,205248,5455
 Lewisham ,2015,4932,823,2146,7901,1613,312,241,1556,2401,613,6954,2698,24289,10600,6.35,517.5,109300,53.2,297912,8476
 Lambeth ,2015,9711,1203,2576,13490,2721,412,369,2218,2630,861,8404,3433,34538,12600,6.21,542.9,152700,64.8,324758,12113
 Kingston upon Thames ,2015,2892,110,932,3934,918,123,57,602,1001,242,2509,703,10089,4500,5.01,574.6,60300,53.6,173558,4658
 Kensington and Chelsea ,2015,7862,409,1590,9861,1080,206,154,1132,1042,293,3449,2501,19718,4200,5.1,632.4,70700,64.8,158112,13041
 Islington ,2015,10293,1008,2354,13655,1438,324,173,1832,1956,486,5833,2487,28184,8600,6.7,603.7,105400,62.6,228045,15350
 Hounslow ,2015,5368,388,1787,7543,1114,270,81,1356,2112,519,5972,2831,21798,7500,5.07,495.6,80500,45.3,269177,4809
 Hillingdon ,2015,5140,326,2212,7678,1077,290,101,1406,2194,427,6061,2756,21990,9100,5.94,498.8,77900,40.2,298370,2579
 Havering ,2015,3801,320,1943,6064,732,217,93,937,1617,385,4249,2093,16387,7900,6.21,517.5,40400,26.1,249439,2220
 Harrow ,2015,2836,315,1670,4821,629,165,81,655,1142,262,3615,1624,12994,5900,4.62,505.1,74900,47.8,247694,4908
 Haringey ,2015,6642,1263,2563,10468,1345,289,203,1299,2089,570,6367,2851,25481,10100,6.88,500,92400,49.3,273762,9249
 Hammersmith and Fulham ,2015,6238,359,1580,8177,1434,302,127,1419,1439,382,4401,2787,20468,6100,5.6,646.7,86700,66.7,179754,10962
 Hackney ,2015,8266,1027,2500,11793,1320,309,238,1654,1960,610,6831,2581,27296,9700,6.89,534.5,94300,49.1,269405,14143
 Greenwich ,2015,4885,467,1873,7225,943,399,133,1471,2204,520,6458,2268,21621,10000,7.04,532.5,78000,42.3,274803,5806
 Enfield ,2015,4717,957,2821,8495,1277,324,161,1118,2046,471,5746,3206,22844,9800,5.94,473.6,91300,43.7,328509,4064
 Ealing ,2015,6233,644,2629,9506,1450,329,160,1791,2401,563,7399,3411,27010,11400,6.13,495.7,112300,49.6,343410,6183
 Croydon ,2015,6391,742,2740,9873,1602,428,221,1713,3025,734,8459,3284,29339,11000,5.42,492.2,99900,40.5,379031,4382
 Camden ,2015,11974,1042,2839,15855,1666,236,118,1576,1871,579,5790,2654,30345,7200,5.71,588.1,105500,61.1,241058,11063
 Bromley ,2015,5046,362,2517,7925,880,261,98,1441,2203,403,5297,2592,21100,8400,5.1,583.8,94700,47.1,325413,2167
 Brent ,2015,5503,903,2708,9114,1886,289,198,1514,2049,511,7055,3014,25630,11700,6.93,457.6,98400,45,324851,7514
 Bexley ,2015,2434,175,1084,3693,696,299,67,729,1513,291,3324,1735,12347,7600,6.25,491.1,51000,33.6,242370,4001
 Barnet ,2015,5648,622,3855,10125,821,310,111,1330,2201,444,5688,3596,24626,11000,5.83,491,118900,49.1,379806,4378
 Barking and Dagenham ,2015,3328,573,1632,5533,1194,268,93,952,1755,449,5077,1870,17191,8900,9.77,436.6,41400,32.4,202368,5605
 Barking and Dagenham ,2016,3473,552,1294,5319,1152,263,157,944,1890,466,5339,2249,17779,6500,6.86,462.2,43500,33.2,206849,5729
 Barnet ,2016,6321,469,3410,10200,931,357,160,1558,2145,541,6152,3683,25727,9500,4.93,485.6,139100,55.7,386198,4452
 Bexley ,2016,2679,218,1126,4023,680,231,85,839,1620,389,3809,1759,13435,5500,4.25,487,57000,36.7,244988,4044
 Brent ,2016,5927,940,2642,9509,2195,339,258,1646,2236,581,7756,3170,27690,12000,7.08,467,97500,44.8,329093,7612
 Bromley ,2016,5144,368,2214,7726,739,316,103,1408,2120,475,5375,2491,20753,6900,4.11,584.3,98800,48.9,327445,2181
 Camden ,2016,11426,914,2653,14993,1520,284,198,1762,1908,626,6062,2842,30195,7700,5.79,632.5,101400,58.7,246180,11298
 Croydon ,2016,6160,1163,2752,10075,1416,475,273,1878,3156,844,8812,3332,30261,11500,5.53,512.3,117300,47.8,382304,4420
 Ealing ,2016,6736,678,2484,9898,1420,433,194,1798,2494,555,7853,3408,28053,10500,5.72,498.3,125400,55.9,343547,6185
 Enfield ,2016,4871,825,2545,8241,1108,344,224,1290,2060,550,6251,3259,23327,10000,6.14,463.9,87600,41.4,331471,4101
 Greenwich ,2016,5373,488,1783,7644,872,464,129,1684,2391,572,7110,2704,23570,9100,6.2,539.3,84600,45.9,279766,5910
 Hackney ,2016,9276,1051,2722,13049,1397,317,260,1809,1930,690,7206,2524,29182,10700,7.24,527.8,107400,54.6,273922,14380
 Hammersmith and Fulham ,2016,6029,404,1533,7966,1360,358,150,1585,1381,444,4689,2960,20893,6200,5.82,641.9,78800,60.6,179998,10977
 Haringey ,2016,7258,1271,2473,11002,1605,353,249,1696,2184,623,7124,3416,28252,9800,6.2,481.9,100300,52.3,279349,9438
 Harrow ,2016,3017,382,1995,5394,481,228,69,616,1166,312,3771,1581,13618,6100,4.8,522.8,70500,44.6,249316,4941
 Havering ,2016,3946,319,1833,6098,742,269,113,1025,1756,364,5093,2037,17497,6000,4.44,532.6,44300,27.9,253137,2253
 Hillingdon ,2016,5069,430,2228,7727,1029,351,111,1482,2347,466,6351,2907,22771,7100,4.39,499.8,86200,44.4,303106,2620
 Hounslow ,2016,5427,408,1814,7649,1152,384,131,1473,2166,537,6152,3279,22923,7900,5.35,500.9,88700,49.8,271546,4851
 Islington ,2016,9721,953,2049,12723,1854,318,214,1899,1843,529,6090,2421,27891,9100,6.85,613.3,99600,57.8,233218,15698
 Kensington and Chelsea ,2016,7037,524,1446,9007,1771,260,209,1237,1031,344,3451,2968,20278,4700,5.77,651.6,66700,62,157127,12960
 Kingston upon Thames ,2016,2998,119,886,4003,767,130,56,651,1044,267,2604,848,10370,4100,4.38,566.7,61900,53.6,176140,4727
 Lambeth ,2016,9786,1227,3099,14112,2868,502,416,2019,2705,846,8534,3541,35543,12900,6.03,551.7,155000,64.2,328237,12243
 Lewisham ,2016,5106,875,2079,8060,1692,409,283,1627,2301,700,7278,2617,24967,11100,6.53,520.6,105900,50.9,302454,8605
 Merton ,2016,3114,285,1427,4826,475,197,92,743,1385,311,3364,1842,13235,5400,4.73,585.3,83000,60.5,205712,5467
 Newham ,2016,7839,1499,2104,11442,1750,472,307,1597,2421,737,8247,4267,31240,11200,6.21,436.7,114800,47.6,342430,9460
 Redbridge ,2016,4395,600,1989,6984,1032,292,131,1101,1598,530,5456,3095,20219,8000,5.13,521.8,94600,48.6,299375,5306
 Richmond upon Thames ,2016,2956,104,1356,4416,339,166,39,738,1120,287,2513,1840,11458,4300,3.79,688.8,89600,71.5,195846,3412
 Southwark ,2016,9449,1329,2936,13714,1874,376,303,1772,2564,749,7712,3507,32571,12000,6.48,543,134300,59.6,313867,10875
 Sutton ,2016,2212,166,1230,3608,485,174,69,691,1291,310,3115,1304,11047,4900,4.42,532.9,57000,44.2,202612,4621
 Tower Hamlets ,2016,8286,1260,2840,12386,1712,489,254,2222,2308,732,7682,2937,30722,13400,7.9,557.9,114700,52.1,305527,15445
 Waltham Forest ,2016,4942,606,1871,7419,1058,356,204,1303,1897,504,6212,2540,21493,8800,5.91,483.4,84100,45.6,276498,7125
 Wandsworth ,2016,6716,615,2360,9691,921,306,136,1381,1791,663,5633,4205,24727,9200,4.7,684.7,162500,70.5,316686,9242
 Westminster ,2016,23770,1856,3227,28853,2174,523,360,2582,2164,918,8657,4010,50241,7800,5.94,667.5,102100,61.1,247614,11524
 Barking and Dagenham ,2017,3654,878,1593,6125,786,268,166,1048,1709,491,5334,2768,18695,7600,7.67,461,40100,30.7,210513,5830
 Barnet ,2017,6779,646,3548,10973,800,288,194,1730,2077,644,6336,3960,27002,9100,4.38,522.6,134100,53.8,391446,4512
 Bexley ,2017,3026,293,1330,4649,513,244,118,989,1701,412,4147,2058,14831,5700,4.48,513,58000,37.1,247179,4080
 Brent ,2017,6266,1221,2906,10393,1728,366,295,1734,2206,686,8296,4067,29771,10900,6.33,471,85800,39.6,332750,7697
 Bromley ,2017,5053,629,2587,8269,631,333,222,1404,2195,521,5923,3294,22792,7200,4.22,608,95400,46.9,330909,2204
 Camden ,2017,16533,2027,3074,21634,1332,266,238,1932,1844,754,6541,3416,37957,7000,5.21,614.3,105500,59.9,249556,11453
 Croydon ,2017,5794,1189,2705,9688,1704,439,414,2010,3073,895,8786,3590,30599,15400,7.4,538.5,115700,47.2,386346,4466
 Ealing ,2017,6322,851,2601,9774,1398,411,251,1975,2274,627,7903,3747,28360,9900,5.05,517.2,111300,49.4,347126,6250
 Enfield ,2017,5373,1002,2627,9002,1052,358,267,1283,2136,627,6497,4013,25235,9900,5.98,479.8,78100,36.1,335647,4152
 Greenwich ,2017,5512,638,2212,8362,979,483,242,1746,2522,694,7370,3133,25531,8900,5.92,553,101300,53.5,282774,5974
 Hackney ,2017,10037,1476,2929,14442,1274,324,362,1884,1966,804,7632,3153,31841,7400,4.71,558.1,118100,59.3,277475,14566
 Hammersmith and Fulham ,2017,6175,566,1915,8656,1081,332,170,1485,1338,440,4814,3410,21726,6000,5.42,651.1,85200,65.6,181889,11093
 Haringey ,2017,7802,1839,2372,12013,1402,337,327,1833,2101,661,7543,4131,30348,9700,6.46,525.3,102400,54,282397,9541
 Harrow ,2017,2700,318,2046,5064,538,177,118,707,1097,346,3978,1936,13961,5300,3.8,543.4,76200,48.8,252052,4995
 Havering ,2017,4088,630,2253,6971,533,297,144,1075,1794,475,5066,2617,18972,5900,4.57,534.2,47600,30,256162,2280
 Hillingdon ,2017,5299,525,2356,8180,789,313,167,1553,2535,564,6435,4248,24784,7800,4.79,500.4,83900,43.2,307040,2654
 Hounslow ,2017,5803,483,2295,8581,1233,409,197,1586,2048,546,6653,3643,24896,9300,6.09,517,79200,44.7,274970,4912
 Islington ,2017,12507,1811,2388,16706,1444,314,261,1761,1771,672,6229,3060,32218,6800,4.66,646.1,107600,61.7,235370,15843
 Kensington and Chelsea ,2017,7282,683,1795,9760,1655,280,193,1155,1107,365,3865,3143,21523,5000,6,784.4,67200,64.2,157954,13028
 Kingston upon Thames ,2017,3036,177,1144,4357,595,154,85,737,982,333,2895,1355,11493,3900,3.98,579.9,64800,56.4,178419,4788
 Lambeth ,2017,9935,1513,2853,14301,2349,476,519,2098,2575,913,8633,3137,35001,10200,4.76,594.6,163200,67.2,331157,12352
 Lewisham ,2017,4915,1002,2322,8239,1295,370,310,1571,2297,705,7552,2795,25134,9100,4.87,535.2,112100,54,306380,8717
 Merton ,2017,3244,356,1446,5046,607,198,124,835,1246,379,3585,1790,13810,4900,4.03,573,76900,56.8,208225,5534
 Newham ,2017,8739,2053,2191,12983,2172,464,432,1688,2343,880,8758,4857,34577,10300,5.71,471.3,100500,41.5,347448,9598
 Redbridge ,2017,4754,889,3007,8650,760,270,155,1196,1780,540,5711,4394,23456,8600,5.6,546.8,92500,47.4,303887,5386
 Richmond upon Thames ,2017,3184,232,1893,5309,396,157,67,757,1117,364,2748,2325,13240,4800,4.41,665.9,81500,64.9,197988,3449
 Southwark ,2017,10053,1803,3312,15168,2164,374,450,1939,2463,870,7814,2898,34140,12700,6.32,587.1,143900,63,317735,11009
 Sutton ,2017,2356,266,1130,3752,418,188,81,806,1206,391,3511,1710,12063,5800,5.08,515.2,66200,51.4,204933,4674
 Tower Hamlets ,2017,8660,1518,2929,13107,1529,416,320,2291,2360,731,7873,3421,32048,12700,8.13,592,106600,47.3,311044,15724
 Waltham Forest ,2017,4907,835,2430,8172,896,256,247,1298,1908,607,6019,3410,22813,8100,5.17,499.4,79500,43.9,280050,7216
 Wandsworth ,2017,6583,763,2399,9745,882,318,195,1480,1981,725,6094,3914,25334,7100,3.64,681.2,163700,71.3,319731,9331
 Westminster ,2017,27309,2392,3499,33200,2357,518,469,3197,2212,1051,9874,4354,57232,7100,5.64,730.8,102300,62.3,250049,11637
 Barking and Dagenham ,2018,3299,825,1672,5796,939,273,203,948,1450,551,5554,2595,18309,6000,5.89,479.1,44700,33,212773,5893
 Barnet ,2018,6465,756,3693,10914,710,389,188,1604,1926,635,6622,5310,28298,9400,4.67,536.6,130700,51.5,397049,4577
 Bexley ,2018,2870,324,1640,4834,624,213,107,951,1526,390,4338,2403,15386,5100,3.96,512.7,65700,42,249999,4127
 Brent ,2018,6147,1459,3261,10867,1832,379,291,1881,2120,688,8695,4071,30824,9100,5.33,479.9,88600,40.3,336859,7792
 Bromley ,2018,5288,454,2596,8338,715,281,210,1513,2115,582,5985,3498,23237,7200,4.23,632.7,102100,49.6,332733,2216
 Camden ,2018,14421,1733,3438,19592,1318,252,222,1812,1673,751,6885,3165,35670,6500,4.52,634.4,116400,64.3,252637,11595
 Croydon ,2018,5841,1100,2809,9750,1696,461,390,1769,2568,982,9214,4230,31060,10500,4.96,550.6,119200,47.6,391296,4523
 Ealing ,2018,6005,859,2547,9411,1182,326,218,1938,2146,704,8195,4214,28334,10000,5.54,524.3,121300,53.6,350784,6315
 Enfield ,2018,5273,1234,2970,9477,960,450,251,1438,2125,645,7050,5622,28018,8700,5.27,464.8,87400,40.8,337697,4178
 Greenwich ,2018,5387,644,2396,8427,883,446,208,1635,2094,732,7780,3519,25724,8100,5.44,566,100100,51.5,286322,6049
 Hackney ,2018,8857,1606,3228,13691,1497,334,320,1706,1828,779,7689,3436,31280,9200,6.02,555.4,108200,53.4,281740,14790
 Hammersmith and Fulham ,2018,6491,777,1938,9206,964,278,176,1432,1218,564,5449,2843,22130,5800,5.48,682,79800,63.1,184050,11224
 Haringey ,2018,6852,1863,3187,11902,1356,371,345,1706,2004,754,7859,4762,31059,8300,5.26,551.4,105600,53.7,284288,9605
 Harrow ,2018,3098,373,1936,5407,592,191,102,888,1045,363,4296,2023,14907,4700,3.63,534.9,71400,46.3,255369,5061
 Havering ,2018,3819,676,1961,6456,549,245,177,1101,1446,448,5375,2915,18712,6400,4.66,544.8,48000,30,257511,2292
 Hillingdon ,2018,5449,577,2053,8079,923,291,203,1594,2056,533,6719,4669,25067,7000,4.38,531.7,86000,43.2,309926,2679
 Hounslow ,2018,5340,671,2271,8282,1284,411,231,1557,1938,603,7188,3997,25491,7300,4.86,533.6,98800,54.5,278264,4971
 Islington ,2018,9328,1526,2741,13595,1298,335,241,1678,1649,629,6525,2854,28804,7500,5.1,687.7,117700,67.1,238267,16038
 Kensington and Chelsea ,2018,7581,733,2064,10378,1514,228,187,1230,1065,403,4165,2910,22080,4400,6.05,670.6,64300,62,159301,13139
 Kingston upon Thames ,2018,3687,262,982,4931,438,149,90,774,930,386,3292,1396,12386,4600,4.87,629.7,71900,60.1,179581,4820
 Lambeth ,2018,9369,1359,3148,13876,2221,464,479,1940,2344,1031,8676,4085,35116,12800,6.28,617.1,150200,61.7,334724,12485
 Lewisham ,2018,4911,1045,2557,8513,1321,388,312,1641,2166,758,7639,3383,26121,8600,4.79,551.2,124200,58.7,310324,8829
 Merton ,2018,3148,390,1544,5082,489,190,113,893,1127,358,3663,1916,13831,5200,4.25,594.1,73200,53.2,209421,5566
 Newham ,2018,9487,1822,2460,13769,2138,510,378,1747,2326,948,9035,5223,36074,10200,5.58,475.9,119900,48.8,353245,9759
 Redbridge ,2018,4649,1075,2860,8584,696,249,180,1205,1559,526,6242,4330,23571,7400,4.97,555.8,92600,46.2,305910,5422
 Richmond upon Thames ,2018,2952,362,1784,5098,278,119,74,713,1065,282,2886,2203,12718,4100,3.78,677.6,83600,67.9,199419,3474
 Southwark ,2018,10442,1808,3035,15285,1930,391,463,1924,2312,907,8688,3832,35732,11600,5.89,589.4,149200,64.6,322302,11167
 Sutton ,2018,2377,323,1182,3882,356,174,113,798,1144,316,3617,1704,12104,5200,4.66,548.7,62100,48.4,207378,4730
 Tower Hamlets ,2018,8626,1549,3295,13470,2155,414,363,2236,2097,784,8603,3603,33725,10100,5.64,627.6,125700,54.7,317203,16036
 Waltham Forest ,2018,5124,976,2187,8287,1175,312,249,1287,1626,519,6410,3848,23713,6200,3.97,529.7,90800,48.7,283524,7306
 Wandsworth ,2018,6325,862,2771,9958,719,338,213,1545,1725,709,6652,4010,25869,8000,3.95,695.7,165000,70.7,324400,9468
 Westminster ,2018,31513,3180,4317,39010,1953,425,463,3255,2275,1280,10248,4226,63135,6400,4.91,757.1,115000,66.7,254375,11839
 Barking and Dagenham ,2019,3671,1080,1547,6298,1164,309,162,1168,1503,668,6169,2764,20205,6000,5.73,471,45300,33.1,214858,5950
 Barnet ,2019,6766,1300,3624,11690,875,371,175,1805,2132,559,7375,6635,31617,9500,4.5,536.4,137600,53.2,402363,4638
 Bexley ,2019,2891,383,1761,5035,744,252,130,1158,1631,384,5309,3439,18082,5400,4.24,553.4,55200,35.5,252885,4174
 Brent ,2019,5788,1417,2686,9891,1807,355,282,1888,2124,659,8765,4716,30487,8200,4.69,524,105000,47.7,340710,7881
 Bromley ,2019,5347,507,2749,8603,1159,300,151,1620,2017,564,6530,4276,25220,5300,3,638.3,113300,54.1,334292,2227
 Camden ,2019,17239,1924,3377,22540,1874,291,238,2029,1659,695,6652,3857,39835,6300,4.47,662,113000,60.9,255526,11727
 Croydon ,2019,6012,1169,2826,10007,2473,480,360,2135,2460,1049,9831,5117,33912,11100,5.29,561.7,107400,42.9,396548,4584
 Ealing ,2019,6147,1306,2915,10368,1718,380,264,2046,2217,716,8614,5542,31865,9500,5.38,532.2,130000,58.7,354184,6377
 Enfield ,2019,5370,1720,3232,10322,1110,405,280,1575,2104,640,8008,6170,30614,9600,6,490.1,87600,40,339480,4200
 Greenwich ,2019,5729,873,2530,9132,1326,430,255,1833,2217,806,8216,4698,28913,7700,4.76,579.5,97100,49.7,289650,6119
 Hackney ,2019,10775,2046,3355,16176,1723,300,329,1930,1799,710,7767,3774,34508,7700,4.9,574.9,118400,57.4,286425,15036
 Hammersmith and Fulham ,2019,6901,878,1880,9659,1133,296,161,1595,1349,538,5656,3492,23879,5200,4.98,728,88400,70,186075,11348
 Haringey ,2019,7285,2644,2835,12764,1614,379,296,1758,1827,732,7621,5496,32487,6700,4.1,547.6,115300,59,285949,9661
 Harrow ,2019,3566,638,2048,6252,813,198,93,921,1092,456,4693,2871,17389,5100,4.35,581.9,78300,50.1,258861,5130
 Havering ,2019,4028,688,1886,6602,752,277,167,1119,1350,478,5469,2997,19211,6100,4.6,568.5,54100,33.7,258655,2302
 Hillingdon ,2019,5641,817,2777,9235,1350,325,171,1653,2235,488,7397,4615,27469,6200,4.04,545.9,103600,51.9,312567,2702
 Hounslow ,2019,5574,757,2224,8555,1705,390,222,1762,1907,540,7624,4303,27008,7200,5,547.6,100600,55.2,281339,5026
 Islington ,2019,10696,1598,2659,14953,1355,332,249,1777,1523,636,6393,3194,30412,7100,4.78,699.1,108300,61.7,241589,16261
 Kensington and Chelsea ,2019,9560,995,2167,12722,1393,154,129,1254,1057,372,4255,3929,25265,3700,4.86,763.7,67600,65.5,160531,13241
 Kingston upon Thames ,2019,3512,366,1005,4883,903,179,93,888,946,370,3484,1489,13235,3200,3.18,628,70000,59.3,180598,4847
 Lambeth ,2019,10344,1377,3193,14914,2325,469,412,2176,2067,1051,9244,3657,36315,10900,5.31,634.8,155700,63.8,338028,12608
 Lewisham ,2019,5571,1263,2676,9510,1478,392,327,1886,2160,672,8506,4265,29196,8600,4.68,552,129100,60.2,314027,8934
 Merton ,2019,3107,426,1583,5116,701,206,106,921,1107,340,3961,2073,14531,5100,4.3,578.9,83300,60,210452,5593
 Newham ,2019,9423,1909,2262,13594,3085,461,359,1975,2199,909,9243,4518,36343,9100,4.77,517.5,110800,44,359470,9931
 Redbridge ,2019,4873,1003,2163,8039,1303,278,161,1226,1518,482,6312,4871,24190,6700,4.29,565.6,92000,45.6,307690,5454
 Richmond upon Thames ,2019,2996,431,1524,4951,349,120,60,851,1007,280,2962,2367,12947,3000,2.65,721.1,81800,65.4,200703,3496
 Southwark ,2019,12872,2466,3274,18612,2695,407,382,2098,2139,787,8976,4025,40121,9300,4.8,628,144200,62,327271,11339
 Sutton ,2019,2661,289,1361,4311,588,173,101,941,1152,285,4241,2175,13967,4700,4.19,549,60500,45.9,209666,4782
 Tower Hamlets ,2019,9449,1465,3213,14127,2513,420,310,2266,2093,796,8663,4251,35439,9700,5.39,688.9,142500,60.5,323696,16364
 Waltham Forest ,2019,5186,837,1962,7985,1801,297,249,1254,1688,493,6139,4346,24252,7900,5.18,574.9,94800,50.2,286776,7390
 Wandsworth ,2019,6453,891,2723,10067,965,290,177,1663,1640,708,6659,4214,26383,7100,3.46,720.9,168300,71.6,328828,9597
 Westminster ,2019,46546,4468,4647,55661,3420,413,482,3485,2399,1164,11118,4895,83037,5600,4.19,703.9,112700,65.5,258511,12031
 Barking and Dagenham ,2020,3158,737,1218,5113,1682,368,202,1201,1324,593,6447,2344,19274,8100,7.89,486.7,62400,44.9,218367,6048
 Barnet ,2020,5081,921,2816,8818,1213,359,173,1794,1918,547,7454,5156,27432,11700,5.31,538.8,158400,61.7,407148,4693
 Bexley ,2020,2253,309,1028,3590,863,248,124,1289,1430,372,5310,2393,15619,6200,4.66,566.5,59500,37.6,254970,4209
 Brent ,2020,4711,984,2127,7822,2287,420,261,2102,2060,598,8907,4371,28828,12300,7.01,531.8,111100,50.3,343853,7954
 Bromley ,2020,3995,496,1746,6237,1290,365,186,1651,1729,500,6420,3679,22057,8600,4.75,613.2,110500,52.5,336395,2241
 Camden ,2020,10258,1206,2281,13745,2042,274,172,1960,1483,567,6400,3033,29676,7800,5.35,623,121800,65.3,257384,11812
 Croydon ,2020,4665,965,2343,7973,2824,528,378,2317,2440,1013,10876,5054,33403,13300,6.26,565.1,119200,48.5,400272,4627
 Ealing ,2020,4852,875,2199,7926,2317,517,235,2228,2054,716,8880,4612,29485,11700,6.27,566.8,139000,60.9,361833,6514
 Enfield ,2020,4290,1106,2454,7850,1565,450,237,1846,1834,684,8569,5855,28890,11300,6.59,492.6,101300,45.6,342993,4243
 Greenwich ,2020,4318,756,1674,6748,2019,460,262,2025,1985,688,8401,3233,25821,9400,5.73,573.1,122600,62.1,292466,6179
 Hackney ,2020,8493,1620,2583,12696,1688,343,334,2191,1758,705,7861,3202,30778,11000,6.72,574.9,126400,60.6,289488,15197
 Hammersmith and Fulham ,2020,5090,551,1476,7117,1219,252,137,1517,1139,427,5014,2341,19163,6900,6.5,713.1,81400,65.3,190721,11631
 Haringey ,2020,5661,1570,2058,9289,2013,396,277,1818,1784,738,7570,5044,28929,10600,6.43,567.8,128100,65.2,288913,9761
 Harrow ,2020,2403,516,1361,4280,1113,256,117,1046,976,394,4708,3017,15907,7000,5.59,570.5,92800,59.5,261348,5179
 Havering ,2020,3157,408,1299,4864,1193,286,142,1179,1146,437,5130,2480,16857,6900,4.98,574.9,67300,40.8,261830,2330
 Hillingdon ,2020,4275,536,1906,6717,1755,455,200,1868,1886,500,7527,4085,24993,10000,5.98,560.9,111800,54.9,316253,2733
 Hounslow ,2020,4187,597,1761,6545,1723,456,203,1700,1673,515,7777,3781,24373,9100,6.1,511.8,92700,52.2,284358,5080
 Islington ,2020,7511,1187,2110,10808,1578,288,193,1979,1454,492,6078,2626,25496,10000,6.74,690.1,110700,61,242827,16345
 Kensington and Chelsea ,2020,5365,588,1621,7574,1148,176,142,1162,869,371,3950,2576,17968,5000,5.95,802,69400,67.2,160794,13262
 Kingston upon Thames ,2020,2371,230,866,3467,1165,157,84,809,738,421,3418,1143,11402,4800,4.86,617.3,73200,61.2,182728,4904
 Lambeth ,2020,6672,1129,2581,10382,2525,500,383,2408,2004,1007,8874,3020,31103,13100,6.28,670.8,167900,69.1,340324,12694
 Lewisham ,2020,4662,962,2448,8072,1611,361,292,2160,2089,724,8396,3922,27627,11100,5.72,574.9,154900,70.4,317465,9032
 Merton ,2020,2295,391,984,3670,1021,239,117,1018,1018,316,4156,2045,13600,6300,5.12,578.3,84300,59.8,212658,5652
 Newham ,2020,7954,1642,1883,11479,3017,483,343,1998,1982,816,9226,3984,33328,13900,6.82,534.4,149300,59.7,363552,10043
 Redbridge ,2020,4409,678,1729,6816,1785,315,181,1353,1416,512,6618,4193,23189,8700,5.25,581.6,107600,53,312264,5535
 Richmond upon Thames ,2020,2532,235,1299,4066,626,170,51,863,916,278,3021,2304,12295,4500,3.98,702.9,85000,66.2,201713,3514
 Southwark ,2020,8425,1541,2546,12512,2409,367,343,2147,1967,761,8344,3438,32288,12100,6.03,620.9,152900,65.7,330290,11444
 Sutton ,2020,2050,247,1027,3324,787,212,116,940,949,329,4147,2271,13075,5600,5.09,543.3,72500,55.2,211297,4819
 Tower Hamlets ,2020,7079,998,2716,10793,3061,469,274,2275,1992,781,8569,3508,31722,12900,6.74,665,139000,59,328043,16584
 Waltham Forest ,2020,4698,734,1850,7282,1832,347,226,1435,1580,504,6620,3779,23605,10600,7.1,596.8,108300,57.3,290024,7473
 Wandsworth ,2020,5278,784,2307,8369,1581,360,182,1746,1556,624,6906,3624,24948,10800,4.96,755.2,172200,72.8,332731,9711
 Westminster ,2020,20534,2150,3049,25733,3436,440,321,3109,2025,917,8948,3826,48755,7800,6.09,701.1,111300,65.4,259981,12099
 Barking and Dagenham ,2021,3230,575,1191,4996,1615,344,170,1376,1456,659,6894,2388,19898,8600,9.12,523.5,51500,37,221495,6134
 Barnet ,2021,5010,616,2391,8017,1108,394,147,2124,1808,734,7874,4949,27155,15600,7.55,574.9,145200,56.1,411275,4741
 Bexley ,2021,2301,187,757,3245,925,286,98,1197,1430,429,5354,2037,15001,6600,5.16,584.8,66900,42.3,256845,4240
 Brent ,2021,5232,750,1836,7818,2000,438,243,2245,2050,681,9086,3625,28186,12200,7.53,553.1,110900,51,346437,8013
 Bromley ,2021,4698,381,1509,6588,1145,363,164,1824,1820,547,6513,3543,22507,9100,4.95,653,121800,57.9,339466,2261
 Camden ,2021,9723,1061,1809,12593,1376,277,137,2093,1662,779,6454,2807,28178,8300,5.67,694.2,122600,66.8,259344,11902
 Croydon ,2021,5350,829,2041,8220,2311,550,329,2567,2593,1145,11339,4168,33222,16700,7.77,613.3,124600,49.7,403461,4664
 Ealing ,2021,4920,639,1876,7435,1677,469,182,2453,2008,893,9646,4498,29261,14600,7.61,574.9,147700,65.7,369685,6656
 Enfield ,2021,4685,897,2136,7718,1189,438,208,2004,1957,849,9047,5720,29130,14000,7.87,507.9,108300,49.2,346635,4288
 Greenwich ,2021,4673,556,1661,6890,1748,441,262,2292,1976,958,9131,3100,26798,11600,6.83,618.9,117700,58.2,294837,6229
 Hackney ,2021,8755,1386,2510,12651,1620,325,269,2267,1657,858,8168,3191,31006,10000,5.68,575.1,151300,71.1,292023,15330
 Hammersmith and Fulham ,2021,5802,435,1428,7665,1084,237,126,1625,1252,543,5419,2566,20517,6800,6.7,714.5,94700,74.4,195981,11952
 Haringey ,2021,5873,1217,2250,9340,1174,317,199,2121,1711,874,8278,5133,29147,11000,6.58,542.6,110500,56.2,291330,9843
 Harrow ,2021,2724,321,1093,4138,957,242,92,1121,957,536,5073,2537,15653,8500,6.74,577.5,89500,57.7,263484,5221
 Havering ,2021,3300,344,1068,4712,970,268,135,1319,1261,607,5567,2305,17144,7300,5.07,584.6,60800,37.1,265930,2367
 Hillingdon ,2021,4081,412,1341,5834,1521,401,172,1911,1659,646,7713,3589,23446,10600,6.22,586,99500,49.7,319467,2761
 Hounslow ,2021,4407,385,1467,6259,1337,386,154,1941,1670,654,8078,3132,23611,11700,8.1,564.6,101900,56.8,286947,5126
 Islington ,2021,7375,993,1818,10186,1195,283,176,2018,1515,635,6641,2313,24962,9900,6.63,665.6,124400,67.5,244372,16449
 Kensington and Chelsea ,2021,5679,475,1380,7534,1108,193,118,1399,979,441,4267,2351,18390,4900,6.78,767,65200,63.8,161552,13325
 Kingston upon Thames ,2021,2795,159,733,3687,983,178,97,880,855,497,3624,1040,11841,4600,4.48,667.8,78500,65.2,184660,4956
 Lambeth ,2021,7419,1231,2215,10865,2303,501,405,2427,2090,1321,9645,2730,32287,11900,5.48,673.6,184100,75.7,342250,12766
 Lewisham ,2021,4845,671,2122,7638,1528,379,289,2216,2180,764,8330,3568,26892,10300,5.72,574.9,146000,66,320574,9120
 Merton ,2021,2520,319,935,3774,656,225,98,1057,986,397,4188,1545,12926,7600,6.48,586.3,93700,67.1,214740,5707
 Newham ,2021,8695,1165,1695,11555,2296,527,276,2363,2142,1099,10012,3962,34232,14100,6.92,567.4,140500,57.6,366943,10137
 Redbridge ,2021,4835,634,1501,6970,1363,336,169,1591,1542,744,7542,3874,24131,12700,8.08,581.9,104500,51.8,316288,5606
 Richmond upon Thames ,2021,2466,196,1023,3685,408,126,51,798,924,333,2988,1742,11055,4800,4.47,699.5,89000,70,203312,3542
 Southwark ,2021,9102,1134,2421,12657,2297,371,309,2184,1909,905,8419,2866,31917,11600,6.02,631.9,133600,57.1,332679,11527
 Sutton ,2021,2118,230,908,3256,612,177,87,968,1057,392,4414,1945,12908,5500,4.9,565.8,69700,53.4,213340,4866
 Tower Hamlets ,2021,7475,1029,2505,11009,2650,465,251,2587,2177,1035,9667,3507,33348,14000,7.3,680.3,124500,52,331620,16764
 Waltham Forest ,2021,4547,735,1312,6594,1490,299,188,1633,1545,581,6756,3412,22498,12700,8.12,624.7,115600,60.3,292788,7545
 Wandsworth ,2021,5844,605,2319,8768,1114,337,161,1949,1685,832,7531,3191,25568,10900,5.33,746.7,164900,70.3,337783,9858
 Westminster ,2021,21591,2228,2286,26105,2970,770,331,3488,2241,1375,10348,3497,51125,8100,6.09,771.6,106100,68.9,262317,12208
